,file,control,imaging_day,object_id,v_outer_mesh,v_inner_mesh,area_outer_mesh,area_inner_mesh,mean_height_mesh,median_height_mesh,min_height_mesh,max_height_mesh,a_outer_ellipsoid,b_outer_ellipsoid,c_outer_ellipsoid,a_inner_ellipsoid,b_inner_ellipsoid,c_inner_ellipsoid,iou_outer_mesh,iou_inner_mesh
0,2-outer-lumen001.tif,-1,2,0,283487.1626592968,1813.7127378479297,24117.220014810136,871.6329379435495,24.313896301551335,24.405963047407656,20.997854271419325,28.04300215408172,28.767981839904248,48.15061930750058,61.73956837058575,5.621178698696155,8.18473077076299,12.209894599875108,0.7441153989377339,0.588104608353434
1,2-outer-lumen002.tif,-1,2,1,157037.27325247994,505.84036631242725,16420.6397389512,338.39054395181216,18.83686521404409,19.41562951751317,15.758118270836151,21.591311724599688,22.574544496239803,44.250200982222694,47.77834641396399,3.627515828100715,6.169878606531744,5.711448115541558,0.5436424760750752,0.31125631125631126
2,2-outer-lumen003.tif,-1,2,2,144541.06860049916,1328.0063800568903,15845.111347235528,641.7003599311647,18.426110517794307,18.564904141281268,15.481388666959779,21.590597634782334,22.08546986621458,39.333912684205,50.3489194725628,9.839399974386328,5.051609027726099,7.125506290938443,0.6470653411372997,0.43613693998309383
